NAME,CITY,ST,ZIP,AOR,TYPE,FY07,Max FY07
ELOY FEDERAL CONTRACT FAC,ELOY,AZ,85231,PHO,IGSA,1484,1618
STEWART DETENTION CENTER,LUMPKIN,GA,31815,ATL,IGSA,1205,1624
SOUTH TEXAS DETENTION COMPLEX,PEARSALL,TX,78061,SNA,CDF,1611,1843
NORTHWEST DET. CENTER,TACOMA,WA,98421,SEA,CDF,915,1081
MIRA LOMA DET.CENTER,LANCASTER,CA,93536,LOS,IGSA,971,1054
WILLACY COUNTY DETENTION CENTER,RAYMONDVILLE,TX,78580,SNA,IGSA,1525,2124
HOUSTON CONTRACT DET.FAC.,HOUSTON,TX,77032,HOU,CDF,872,979
PORT ISABEL SPC,LOS FRESNOS,TX,78566,SNA,SPC,963,1179
EL PASO SPC,EL PASO,TX,79925,ELP,SPC,775,919
KROME NORTH SPC,MIAMI,FL,33194,MIA,SPC,672,1008
CORR.CORP OF AMERICA - SAN DIEGO,SAN DIEGO,CA,92173,SND,CDF,751,1017
OAKDALE FED.DET.CENTER,OAKDALE,LA,71463,NOL,BOP,544,819
YORK COUNTY JAIL PA,YORK,PA,17402,PHI,IGSA,607,762
WACKENHUT CORRECTIONS CORP,POMPANO BEACH,FL,33073,MIA,CDF,500,639
ROLLING PLAINS DETENTION CENTER,HASKELL,TX,79521,DAL,IGSA,491,604
TENSAS PARISH DET. CNTR.,WATERPROOF,LA,71357,NOL,IGSA,472,553
SAN PEDRO SPC,SAN PEDRO,CA,90731,LOS,SPC,507,613
FLORENCE SPC,FLORENCE,AZ,85232,PHO,SPC,384,592
PINE PRAIRIE CORRECTIONAL CENTER,PINE PRAIRIE,LA,70576,NOL,IGSA,435,678
BUFFALO SPC,BATAVIA,NY,14020,BUF,SPC,383,441
PERRY COUNTY CORR. CENTER,UNION TOWN,AL,36786,NOL,IGSA,273,535
DENVER CONTRACT DET. FAC.,AURORA,CO,80010,DEN,CDF,395,427
EL CENTRO SPC,EL CENTRO,CA,92243,SND,SPC,454,529
FLORENCE STAGING FACILITY,FLORENCE,AZ,85232,PHO,OTHER,294,631
IES SHELTER,LOS FRESNOS,TX,77586,SNA,ORR,304,390
HUDSON COUNTY JAIL,KEARNEY,NJ,73020,NEW,IGSA,261,360
LOS CUST CASE,SAN PEDRO,CA,90731,LOS,OTHER,161,397
LAREDO CONTRACT DET. FAC.,LAREDO,TX,78042,SNA,IGSA,453,895
ETOWAH COUNTY JAIL (AL),GADSDEN,AL,35901,ATL,IGSA,339,389
PINAL COUNTY JAIL,FLORENCE,AZ,85232,PHO,IGSA,172,358
ELIZABETH CONTRACT D.F.,ELIZABETH,NJ,72010,NEW,CDF,297,322
POLK COUNTY JAIL,LIVINGSTON,TX,77351,HOU,IGSA,189,314
PIEDMONT REG JAIL,FARMVILLE,VA,23901,WAS,IGSA,283,328
BRISTOL CNTY NDARTMOUTH,DARTMOUTH,MA,27480,BOS,IGSA,157,289
SUFFOLK HDC SBAY,BOSTON,MA,21180,BOS,IGSA,252,299
GLADES COUNTY DETENTION CENTER,MOORE HAVEN,FL,33471,MIA,IGSA,45,314
WYATT DETENTION CENTER,CENTRAL FALLS,RI,28630,BOS,IGSA,155,215
ORLEANS PARISH SHERIFF,NEW ORLEANS,LA,70119,NOL,IGSA,61,164
MCHENRY COUNTY SHERIFF'S,WOODSTOCK,IL,60098,CHI,IGSA,217,306
PLYMOUTH COUNTY H.O.C,PLYMOUTH,MA,23600,BOS,IGSA,196,231
MIDDLESEX COUNTY JAIL,BRUNSWICK,NJ,89030,NEW,IGSA,198,238
WACKENHUT FACILITY,SAN ANTONIO,TX,78207,SNA,IGSA,138,190
HUTTO CCA,TAYLOR,TX,76574,SNA,DRO JUV,330,423
TRI-COUNTY JAIL,ULIN,IL,82992,CHI,IGSA,167,219
OTERO COUNTY PRISON FACILITY,CHAPARRAL,NM,88801,ELP,IGSA,290,555
OKLAHOMA COUNTY JAIL,OKLAHOMA CITY,OK,73102,DAL,IGSA,79,116
SANTA CLARA CO MAIN JAIJ,SAN JOSE,CA,95110,SFR,IGSA,218,287
WESTMINSTER CUSTODY,WESTMINSTER,CA,92683,LOS,OTHER,62,168
LACKAWANA CNTY JAIL,SCRANTON,PA,18503,PHI,IGSA,132,167
HAMPTON ROADS REGIONAL JAIL,PORTSMOUTH,VA,23701,WAS,IGSA,139,200
CALHOUN CO.,BATTLE CREEK,MI,49036,DET,IGSA,168,218
DODGE COUNTY JAIL,JUNEAU,WI,53039,CHI,IGSA,121,182
JUVENILE FACILITY,CHICAGO,IL,60628,CHI,ORR,80,159
KERN COUNTY JAIL (LERDO),BAKERSFIELD,CA,93308,SFR,IGSA,158,219
YUBA COUNTY JAIL,MARYSVILLE,CA,95901,SFR,IGSA,167,193
BERGEN COUNTY JAIL,HACKENSACK,NJ,76010,NYC,IGSA,148,171
SOUTHWEST KEY JUVENILE SH,PHOENIX,AZ,85017,PHO,ORR,117,154
MECKLENBURG (NC) CO JAIL,CHARLOTTE,NC,28202,ATL,IGSA,131,234
ATLANTA PRETRIAL DETN CTR,ATLANTA,GA,30303,ATL,IGSA,155,201
MONMOUTH COUNTY JAIL,FREEHOLD,NJ,77280,NYC,IGSA,139,171
KARNES CTY CORR CTR,KARNES CITY,TX,78118,SNA,IGSA,105,124
NORTH LAS VEGAS,N. LAS VEGAS,NV,89030,SLC,IGSA,125,169
SHERBURNE COUNTY JAIL,ELK RIVER,MN,55330,SPM,IGSA,157,198
PIKE COUNTY JAIL,MILFORD,PA,18337,PHI,IGSA,121,139
CCA FLORENCE CORRECTIONAL CENTER,FLORENCE,AZ,85232,PHO,IGSA,185,241
WAYNE COUNTY,DETROIT,MI,48221,DET,IGSA,92,173
SANTA ANA CITY JAIL,SANTA ANA,CA,92701,LOS,IGSA,70,122
WAKULLA COUNTY JAIL,CRAWFORDVILLE,FL,32327,MIA,IGSA,121,169
BOONE COUNTY JAIL,BURLINGTON,KY,41005,DET,IGSA,45,108
ALAMANCE CO. DET. FACILITY,GRAHAM,NC,27253,ATL,IGSA,25,109
BASILE DETENTION CENTER,BASILE,LA,70515,NOL,IGSA,11,63
MONROE CO.,MONROE,MI,48161,DET,IGSA,94,133
WEST TEXAS DETENTION FACILITY,SIERRA BLANCA,TX,79851,ELP,IGSA,13,84
KENOSHA COUNTY JAIL,KENOSHA,WI,53144,CHI,IGSA,105,206
DOUGLAS COUNTY CORRECTION,OMAHA,NE,68102,SPM,IGSA,41,120
SOUTHWEST KEY PROG. (JUV),CANUTILLO,TX,79835,ELP,ORR,86,98
LIMESTONE DET CENTER,GROESBECK,TX,76642,SNA,IGSA,52,158
SANTA ANA COUNTY JAIL,SANTA ANA,CA,92703,LOS,IGSA,51,118
SENECA COUNTY JAIL,TIFFIN,OH,44883,DET,IGSA,98,162
CATHOLIC CHARITIES (HOU),HOUSTON,TX,77006,HOU,ORR,67,72
GUAYNABO ADC (SAN JUAN),SAN JUAN,PR,92200,MIA,BOP,87,104
CLINTON COUNTY CORR. FAC.,MCELHATTAN,PA,17748,PHI,IGSA,71,119
BERKS COUNTY FAMILY SHELTER,LEESPORT,PA,19533,PHI,DRO JUV,77,86
JEFFERSON COUNTY JAIL,BEAUMONT,TX,77701,HOU,IGSA,79,120
GREENFIELD HOUSE OF CORR.,GREENFIELD,MA,13010,BOS,IGSA,48,99
HONOLULU FEDERAL DETENTION CENTER,HONOLULU,HI,96819,SFR,BOP,43,73
RAMSEY ADC ANNEX,ST. PAUL,MN,55102,SPM,IGSA,36,81
PANUNKEY REG JAIL,HANOVER,VA,23069,WAS,IGSA,65,89
RIVERSIDE REG JAIL,HOPEWELL,VA,23860,WAS,IGSA,38,61
CORPUS CHRISTI FACILITY,CORPUS CHRISTI,TX,78412,HOU,ORR,61,78
ALLEGHENY CO. JAIL,PITTSBURGH,PA,15219,PHI,IGSA,93,100
HARDIN CO JAIL,ELDORA,IA,50627,SPM,IGSA,63,88
SOUTHWEST KEY CONROE,CONROE,TX,77304,HOU,ORR,48,64
MORGAN COUNTY SHERIFF'S DEPT,VERSAILLES,MO,65048,CHI,IGSA,46,73
CCA CHER-TAZ DET.CTR.,FLORENCE,AZ,85232,PHO,IGSA,61,114
CITRUS COUNTY JAIL,LECANTO,FL,34461,MIA,IGSA,14,60
WICOMICO CO DET,SALISBURY,MD,21801,BAL,IGSA,80,125
BOYSTOWN,MIAMI,FL,33186,MIA,ORR,47,65
SAN BERNARDINO CO. JAIL,SAN BERNADINO,CA,92408,LOS,IGSA,29,84
NORFLK CNTY DEDHAM,DEDHAM,MA,20260,BOS,IGSA,20,44
CALDWELL COUNTY JAIL,KINGSTON,MO,64650,CHI,IGSA,50,110
FREDERICK COUNTY DET. CEN,FREDERICK,MD,21701,BAL,IGSA,6,16
WORCESTER CO. JAIL,SNOW HILL,MD,21863,BAL,IGSA,56,74
HARLINGEN STAGING FACILITY,HARLINGEN,TX,78552,SNA,OTHER,83,224
RANDALL COUNTY JAIL,AMARILLO,TX,79118,ELP,IGSA,10,61
MONROE COUNTY JAIL,KEY WEST,FL,33040,MIA,IGSA,48,70
BERKS COUNTY JAIL,LEESPORT,PA,19533,PHI,IGSA,26,42
AQUADILLA SPC,AQUADILLA,PR,60400,MIA,SPC,17,121
MCCLENNAN COUNTY DETENTION CENTER,WACO,TX,76705,SNA,IGSA,27,110
PIONEER HUMAN SERVICES,FIFE,WA,98424,SEA,ORR,29,44
DORCHESTER CO DET CNTR,CAMBRIDGE,MD,21613,BAL,IGSA,60,76
WEBER COUNTY JAIL,OGDEN,UT,84401,SLC,IGSA,43,79
CUMBERLAND COUNTY JAIL,PORTLAND,ME,41020,BOS,IGSA,33,68
ARLINGTON CO JAIL,ARLINGTON,VA,22203,WAS,IGSA,41,63
CHILDREN'S CENTER INC.,GALVESTON,TX,77550,HOU,ORR,32,48
ORR FOSTER CARE,WASHINGTON,DC,20447,PHO,IGSA,11,47
UTAH COUNTY JAIL,SPANISH FORK,UT,84660,SLC,IGSA,39,77
SOUTHWEST KEY - HOUSTON,HOUSTON,TX,77028,HOU,ORR,27,42
POLK COUNTY JAIL,DES MOINES,IA,50303,SPM,IGSA,20,38
SOUTHWEST KEY PROG. (JUV),EL PASO,TX,79901,ELP,ORR,15,49
DEPARTMENT OF CORRECTIONS,AGANA,GU,96910,SFR,IGSA,21,33
CHAUTAUQUA COUNTY JAIL,MAYVILLE,NY,14757,BUF,IGSA,4,20
TUCSON INS HOLD ROOM,TUCSON,AZ,85706,PHO,OTHER,54,122
MISSISSIPPI COUNTY DETENTION CENTE,CHARLESTON,MO,63834,CHI,IGSA,13,58
HOWARD COUNTY DET CNTR,JESSUP,MD,20794,BAL,IGSA,34,44
SUSSEX COUNTY JAIL,SUSSEX,NJ,78600,NYC,IGSA,33,47
BEDFORD HEIGHTS CITY,BEDFORD HTS,OH,44146,DET,IGSA,30,51
WASHINGTON COUNTY JAIL,FAYETTEVILLE,AR,72701,NOL,IGSA,11,31
PHELPS COUNTY JAIL,HOLDREGE,NE,68949,SPM,IGSA,34,49
LINN COUNTY JAIL,CEDAR RAPIDS,IA,52407,SPM,IGSA,29,47
WAYNE COUNTY JAIL,LYONS,NY,14489,BUF,IGSA,9,24
WESTERN TENNESSEE DET. FAC.,MASON,TN,38049,NOL,IGSA,49,103
YORK CORR INST,NIANTIC,CT,63570,BOS,IGSA,33,48
CLINTON COUNTY JAIL,PLATTSBURGH,NY,12901,BUF,IGSA,21,34
OPEN ARMS INTERNATIONAL,MIAMI,FL,33173,MIA,ORR,22,36
SOUTHWEST YOUTH VILLAGE,VINCENNES,IN,47591,CHI,ORR,50,80
SND DISTRICT STAGING,SAN DIEGO,CA,92101,SND,OTHER,25,93
CHIPPEWA CO.,SAULT STE MARIE,MI,49783,DET,IGSA,22,33
CHRISTIAN CO SHERIFF DEPT,OZARK,MO,65721,CHI,IGSA,21,67
PALM BEACH COUNTY JAIL,WEST PALM BEACH,FL,33406,MIA,IGSA,17,37
ERIE COUNTY JAIL,ERIE,PA,18503,PHI,IGSA,5,17
LUTHERAN SOCIAL SEREVICES,EL PASO,TX,79925,ELP,ORR,22,36
SOUTHWEST KEYS JUV. FAC.,EL CAJON,TX,92021,SND,ORR,23,28
COLUMBIA COUNTY JAIL,ST. HELENS,OR,97051,SEA,IGSA,31,54
CAMBRIA COUNTY JAIL,EBENSBURG,PA,15931,PHI,IGSA,18,75
WASHINGTON COUNTY JAIL,HURRICANE,UT,84737,SLC,IGSA,16,56
CHILDREN'S VILLAGE,QUEENS,NY,11356,NYC,ORR,12,28
SACRAMENTO COUNTY JAIL,SACRAMENTO,CA,95814,SFR,IGSA,52,106
HOUSTON FO HOLDROOM,HOUSTON,TX,77032,HOU,OTHER,22,86
MAPLE HEIGHTS CITY JAIL,MAPLE HEIGHTS,OH,44317,DET,IGSA,14,29
CHASE COUNTY JAIL,FALLS,KS,66845,CHI,IGSA,25,51
PARK COUNTY JAIL,FAIRPLAY,CO,80440,DEN,IGSA,14,74
MONTGOMERY COUNTY JAIL,MONTGOMERY CITY,MO,63361,CHI,IGSA,32,69
CARVER COUNTY JAIL,CHASKA,MN,55318,SPM,IGSA,27,51
CASS COUNTY JAIL,PLATTSMOUTH,NE,68048,SPM,IGSA,19,80
DEVEREAUX ARIAONA,SCOTTSDALE,AZ,85254,PHO,ORR,19,32
FRANKLIN COUNTY JAIL,ST ALBANS,VT,54789,BOS,IGSA,17,27
CHARLESTON COUNTY CORRECT,CHARLESTON,SC,29405,ATL,IGSA,34,85
OAKDALE FED. DET. CENTER,OAKDALE,LA,71463,NOL,IGSA,18,37
TWIN FALLS COUNTY JAIL,TWIN FALLS,ID,83303,SLC,IGSA,13,64
BEDFORD CITY JAIL,BEDFORD,TX,76021,DAL,IGSA,11,53
DALLAS F.O. HOLD,DALLAS,TX,76247,DAL,OTHER,10,71
CATHOLIC SOCIAL SERVICES,TACOMA,WA,98405,SEA,ORR,8,19
ST. MARY'S CO DET CNTR,LEONARDTOWN,MD,20650,BAL,IGSA,2,0
MOFFET COUNTY JAIL,CRAIG,CO,81625,DEN,IGSA,6,20
MINNEHAHA COUNTY JAIL,SIOUX FALLS,SD,57104,SPM,IGSA,10,30
EULESS CITY JAIL,EULESS,TX,76039,DAL,IGSA,7,52
SUMMIT COUNTY JAIL,COALVILLE,UT,84017,SLC,IGSA,10,21
ROCKINGHAM CO. JAIL,HARRISONBURG,VA,22801,WAS,IGSA,8,25
YOUTHCARE,SEATTLE,WA,98105,SEA,ORR,7,0
ANCHORAGE JAIL,ANCHORAGE,AK,98501,SEA,IGSA,4,0
VARICK STREET SPC,NEW YORK,NY,10014,NYC,IGSA,18,79
LINCOLN COUNTY SHERIFF'S,TROY,MO,63379,CHI,IGSA,16,41
BARNSTABLE COUNTY,BARNSTABLE,MA,26300,BOS,IGSA,9,33
ERIE CO HOLDING CENTER,BUFFALO,NY,14202,BUF,OTHER,6,20
GARVIN COUNTY JAIL,PAULS VALLEY,OK,73075,DAL,IGSA,18,46
CAYUGA COUNTY JAIL,AUBURN,NY,13021,BUF,IGSA,5,0
EL PASO COUNTY JAIL (CO),SPRINGS,CO,80903,DEN,IGSA,4,20
NORTHERN OREGON CORR.FAC.,THE DALLES,OR,97058,SEA,IGSA,2,18
POTTAWATTAMIE COUNTY JAIL,COUNCIL BLUFFS,IA,51501,SPM,IGSA,21,58
GRAYSON COUNTY JAIL,LEITCHFIELD,KY,42754,CHI,IGSA,18,52
BERKS COUNTY SECURED JUVENILE,LEESPORT,PA,19533,PHI,ORR,10,13
HAILE DET. CENTER,CALDWELL,ID,83605,SLC,IGSA,9,28
TUMBLEWEED SHELTER,PHOENIX,AZ,85021,PHO,ORR,9,0
SALT LAKE COUNTY JAIL,SALT LAKE CITY,UT,84190,SLC,IGSA,5,14
CLARKE FRED'K WINCH.,WINCHESTER,VA,22603,WAS,IGSA,3,16
DEARBORN POLICE DEPT.,DEARBORN,MI,48126,DET,IGSA,1,25
ALBANY COUNTY JAIL,ALBANY,NY,11211,BUF,IGSA,13,40
NASSAU COUNTY JAIL,YULEE,FL,32097,MIA,IGSA,8,0
WILLIAMSON COUNTY JAIL,FRANKLIN,TN,37084,NOL,IGSA,8,28
ONONDAGA COUNTY JAIL,SYRACUSE,NY,13202,BUF,IGSA,7,22
WEST BATON ROUGE DET CTR,PORT ALLEN,LA,70767,NOL,IGSA,5,19
BENTON COUNTY,KENNEWICK,WA,99336,SEA,IGSA,2,16
STRAFFORD CO. CORRECTION,DOVER,NH,31800,BOS,IGSA,2,14
CATTARAUGUS COUNTY JAIL,LITTLE VALLEY,NY,14755,BUF,IGSA,1,0
VENTURA CUSTODY CASE,CAMARRILLO,CA,93010,LOS,OTHER,11,55
SPRINGFIELD FED.MED.CNTR,SPRINGFIELD,MO,65808,CHI,BOP,9,0
CARROLL COUNTY DETENTION CENTER,WESTMINISTER,MD,21157,BAL,IGSA,8,21
WV REGIONAL JAIL & CORR.,CHARLESTON,WV,16305,PHI,IGSA,7,26
BEXAR COUNTY JAIL,SAN ANTONIO,TX,78207,SNA,IGSA,3,0
DENVER COUNTY JAIL,DENVER,CO,80201,DEN,IGSA,3,0
MILLER COUNTY JAIL,TEXARKANA,AR,71854,NOL,IGSA,9,48
PHI DISTRICT OFFICE,PHILADELPHIA,PA,19130,PHI,OTHER,8,80
MADISON COUNTY JAIL,WAMPSVILLE,NY,13163,BUF,IGSA,6,0
ROCKINGHAM COUNTY JAIL,BRENTWOOD,NH,38330,BOS,IGSA,5,16
RICE COUNTY DET CENTER,LYONS,KS,67554,CHI,IGSA,2,28
ADA COUNTY JAIL,BOISE,ID,83704,SLC,IGSA,2,15
SOUTHWEST KEY JUV -SAN JOSE,SAN JOSE,CA,95118,SFR,ORR,13,19
SOLON CITY JAIL,SOLON,OH,44139,DET,IGSA,6,18
LUTHERAN COMMUNTIY SERVICES NW,NORTH SEATTLE,WA,98109,SEA,ORR,4,0
GENESEE COUNTY JAIL,BATAVIA,NY,40210,BUF,IGSA,2,18
SANGAMON COUNTY JAIL,SPRINGFIELD,IL,62701,CHI,IGSA,1,16
TOOELE COUNTY JAIL,TOOELE,UT,84074,SLC,IGSA,0,0
MADISON COUNTY JAIL,REXBURG,ID,83440,SLC,IGSA,4,19
SNYDER COUNTY JAIL,SELINS GROVE,PA,17870,PHI,IGSA,5,26
VT. DEPT. OF CORRECTIONS,WATERBURY,VT,56760,BOS,IGSA,4,0
PUEBLO COUNTY JAIL,PUEBLO,CO,81003,DEN,IGSA,3,0
NYC FIELD OFFICE,NEW YORK,NY,10278,NYC,OTHER,3,0
YELLOWSTONE COUNTY JAIL,BILLINGS,MT,59101,SLC,IGSA,2,0
MARION COUNTY JAIL,INDIANAPOLIS,IN,46204,CHI,IGSA,1,0
HARTFORD CORR CENTER,HARTFORD,CT,61200,BOS,IGSA,33,116
CALCASIEU PARISH PRISON,LAKE CHARLES,LA,70601,NOL,IGSA,33,66
TAMPA BAY ACADEMY,RIVERVIEW,FL,33669,MIA,ORR,5,0
STONE PARK POLICE DEPT.,STONE PARK,IL,60165,CHI,IGSA,4,0
ARAPAHOE COUNTY JAIL,LITTLETON,CO,80120,DEN,IGSA,4,0
GASTON COUNTY JAIL,GASTONIA,NC,28052,ATL,IGSA,1,0
ALEXANDRIA CITY JAIL,ALEXANDRIA,VA,22314,WAS,IGSA,1,0
GUADALUPE COUNTY JUVENILE D.F.,SEGUIN,TX,78155,SNA,IGSA,1,0
TORRANCE/ESTANCIA,ESTANCIA,NM,87016,ELP,IGSA,11,125
ORANGE COUNTY JAIL,ORLANDO,FL,32802,MIA,IGSA,9,37
JOSEPHINE CO. JAIL,GRANTS PASS,OR,97526,SEA,IGSA,7,24
SEBASTIAN COUNTY DET CNT,FT. SMITH,AR,72901,NOL,IGSA,6,23
BLOUNT COUNTY JUSTICE CTR,MARYVILLE,TN,37801,NOL,IGSA,5,23
MORGAN COUNTY JAIL,FT. MORGAN,CO,80701,DEN,IGSA,5,18
BUTNER FED CORR.INST.,BUTNER,NC,27509,ATL,BOP,4,0
ST JEROME'S GROUP HOME,HOUSTON,TX,77058,HOU,IGSA,4,0
SILVERDALE/HAMILTON COUNTY,CHATTANOOGA,TN,37421,NOL,IGSA,4,23
JEFFERSON COUNTY JAIL,BOULDER,MT,59632,SLC,IGSA,3,13
HAMILTON CO. JAIL (TENN),CHATTANOOGA,TN,37402,NOL,IGSA,3,0
GILA COUNTY JUVENILE DET CENTER,GLOBE,AZ,85501,PHO,DRO JUV,2,0
LUBBOCK COUNTY JAIL,LUBBOCK,TX,79408,DAL,IGSA,2,17
WASHINGTON COUNTY JAIL,SALEM,NY,12865,BUF,IGSA,1,0
NORTHERN OREGON JUV.DET.,THE DALLES,OR,97058,SEA,DRO JUV,1,0
PENNINGTON COUNTY JAIL SD,RAPID CITY,SD,57701,SPM,IGSA,0,0
CONEJOS COUNTY JAIL,CONEJOS,CO,81129,DEN,IGSA,1,0
GRANT COUNTY,EPHRATA,WA,98823,SEA,IGSA,0,0
SOUTHWEST INITIATIVES GROUP LLC,NIXON,TX,78140,SNA,ORR,52,199
WASHOE COUNTY JAIL,RENO,NV,89506,SLC,IGSA,9,40
AIRPORT DDP,ISLA VERDE,PR,97600,MIA,OTHER,8,38
JEFFERSON COUNTY JAIL,GOLDEN,CO,80401,DEN,IGSA,5,29
MERCER COUNTY JAIL,TRENTON,NJ,86500,NEW,IGSA,3,0
NH STATE PRISON,CONCORD,NH,33010,BOS,IGSA,2,0
STATE COR CTR ANNEX ANCHO,ANCHORAGE,AK,99501,SEA,IGSA,2,0
JACKSON CO JAIL,MEDFORD,OR,97501,SEA,IGSA,1,0
NIAGARA COUNTY JAIL,LOCKPORT,NY,14094,BUF,IGSA,1,0
GRANT COUNTY JAIL,CANYON CITY,OR,97820,SEA,IGSA,1,0
SUNNYSIDE JAIL,SUNNYSIDE,WA,98944,SEA,IGSA,0,0
PHOENIX DIST OFFICE,PHOENIX,AZ,85004,PHO,OTHER,0,0
YAKIMA COUNTY,YAKIMA,WA,98901,SEA,IGSA,0,0
CATHOLIC SOC SVCS RFC,PHOENIX,AZ,85021,PHO,IGSA,7,14
ROCHESTER FED.MED.CENTER,ROCHESTER,MN,55903,SPM,BOP,3,0
MONROE COUNTY JAIL,ROCHESTER,NY,14814,BUF,IGSA,2,0
TERRE HAUTE USP,TERRE HAUTE,IN,47808,CHI,BOP,2,0
ATLANTA DIST. HOLD RM,ATLANTA,GA,30303,ATL,OTHER,2,68
US MARSHALS MID.DIST,ORLANDO,FL,32801,MIA,IGSA,2,0
FREMONT COUNTY JAIL,CANON CITY,CO,81212,DEN,IGSA,1,13
ST X GOLDEN GROVE,ST CROIX,VI,85000,MIA,IGSA,1,0
ADAMS COUNTY JAIL,BRIGHTON,CO,80601,DEN,IGSA,1,0
COMAL CTY JAIL,NEW BRAUNFELS,TX,78130,SNA,IGSA,1,0
ONEIDA COUNTY JAIL,ORISKANY,NY,13424,BUF,IGSA,1,0
DOUGLAS COUNTY JAIL,CASTLE ROCK,CO,80104,DEN,IGSA,1,16
PINELLAS COUNTY JAIL,CLEARWATER,FL,33762,MIA,IGSA,1,0
US INS/DETENTION & DEPORTATION,BLOOMINGTON,MN,55425,SPM,OTHER,0,0
PALMETTO HOSPITAL,HIALEAH,FL,33016,MIA,IGSA,0,0
COLUMBIA KENDAL HOSPITAL,MIAMI,FL,33175,MIA,IGSA,0,0
AURORA CITY JAIL,AURORA,CO,80017,DEN,IGSA,0,0
WILLIAMSON COUNTY JAIL,GEORGETOWN,TX,78626,SNA,IGSA,0,0
ALLENWOOD (MED) FCI,WHITE DEER,PA,17887,PHI,BOP,0,0
SHAWNEE COUNTY DEPT OF CORR.,TOPEKA,KS,66607,CHI,IGSA,10,38
OSBORN CORR INST,SOMERS,CT,60710,BOS,IGSA,7,33
ONTARIO COUNTY JAIL,CANANDAIGUA,NY,14424,BUF,IGSA,7,27
SEATAC FED.DET.CENTER,SEATAC,WA,98198,SEA,BOP,6,18
BAL D D & P,BALTIMORE,MD,21227,BAL,OTHER,6,43
GRAND FORKS COUNTY GORREC,GRAND FORKS,ND,58208,SPM,IGSA,5,23
MONTGOMERY CONTY JAIL,NORRISTOWN,PA,19404,PHI,IGSA,3,27
KENT CO.,GRAND RAPIDS,MI,49503,DET,IGSA,3,16
VIRGINIA BEACH,VIRGINIA BEACH,VA,23456,WAS,IGSA,2,16
LEAVENWORTH USP,LEAVENWORTH,KS,66048,CHI,BOP,1,0
WYOMING COUNTY JAIL,WARSAW,NY,14569,BUF,IGSA,2,0
NATRONA COUNTY JAIL,CASPER,WY,92601,DEN,IGSA,1,0
TRAVIS CTY JAIL,AUSTIN,TX,78701,SNA,IGSA,1,0
RAMADA HOTEL,EAST BOSTON,MA,21280,BOS,OTHER,1,0
MINICASSIA DET. CENTER,BURLEY,ID,83318,SLC,IGSA,1,0
BSCC AIRPARK UNIT,BIG SPRING,TX,79720,DAL,IGSA,1,0
U.S IMMIGRATION,DETROIT,MI,48207,DET,OTHER,1,0
KODIAK CITY JAIL,KODIAK,AK,99615,SEA,IGSA,1,0
BP STA BELLINGHAM,BELLINGHAM,WA,98227,SEA,IGSA,1,0
SOUTHWEST KEY VILLAGE GREEN,PHOENIX,AZ,85014,PHO,ORR,1,0
ARTHUR KILL CORR FAC S.I.,STATEN ISLAND,NY,10300,NYC,IGSA,1,0
PASSAIC COUNTY JAIL,PATERSON,NJ,75050,NYC,IGSA,1,1
POLLOCK USP,POLLOCK,LA,71467,NOL,BOP,1,0
MEMPHIS FED.CORR.INST.,MEMPHIS,TN,38134,NOL,BOP,1,0
LAKELAND NURSING HOME,PINEVILLE,LA,71360,MIA,IGSA,1,0
CCA NORTHEAST OH CORRECTS,YOUNGSTOWN,OH,44505,MIA,IGSA,1,0
BEAUMONT FEDERAL PRISON,BEAUMONT,TX,77720,HOU,BOP,1,0
BETHANY C.S.,GRAND RAPIDS,MI,49501,DET,IGSA,1,0
FLORENCE FED CORR.INST.,FLORENCE,CO,81292,DEN,BOP,1,0
DEVENS FMC,AYER,MA,14320,BOS,BOP,1,0
CUMBERLAND FCI,CUMBERLAND,MD,21502,BAL,BOP,1,0
CSC SO (FU) MUNIC JAIL,UNION CITY,GA,30291,ATL,IGSA,1,0
CASCADE COUNTY JAIL,GREAT FALLS,MT,59404,SLC,IGSA,1,0
ALLENWOOD U.S.PEN.,WHITE DEER,PA,17887,PHI,BOP,1,0
LONOKE POLICE DEPT DET.CTR,LONOKE,AR,72086,NOL,IGSA,1,0
WASHINGTON FIELD OFFICE,FAIRFAX,VA,22031,WAS,OTHER,1,0
LUTHERAN SOC SERV,LANSING,MI,48917,CHI,ORR,1,0
TETON COUNTY WYO SLC JURI,JACKSON,WY,83001,SLC,IGSA,1,0
US CATHOLIC CONFERENCE OF BISHOPS,RICHMOND,VA,23230,CHI,ORR,1,0
GUADALUPE CTY JAIL,SEGUIN,TX,78156,SNA,IGSA,1,26
DEPARTMENT OF YOUTH AFFAIRS,BARRIGADA,GU,96921,SFR,IGSA,1,0
NO. VA. JUVENILE DET,ALEXANDRIA,VA,22231,WAS,IGSA,0,0
ECONOLODGE MOTEL,TUKWILA,WA,98168,SEA,OTHER,0,0
HARLINGEN MEDICAL CENTER,HARLINGEN,TX,78550,SNA,IGSA,1,0
BROWARD COUNTY JAIL,FT.LAUDERDALE,FL,33301,ATL,IGSA,0,0
WELD COUNTY JAIL,GREELEY,CO,80631,DEN,IGSA,0,0
ERIE COUNTY HOLDING CENTER,BUFFALO,NY,14202,BUF,OTHER,0,0
PRINCE WILLIAM,MANASSAS,VA,20110,WAS,IGSA,0,13
PLATTE COUNTY JAIL,WHEATLAND,WY,82201,DEN,IGSA,0,0
RAPP SEC CENTER,STAFFORD,VA,22404,WAS,IGSA,0,0
ST T CRIMINAL JUST COMPLX,ST THOMAS,VI,80300,MIA,IGSA,0,0
BOULDER COUNTY JAIL,BOULDER,CO,80302,DEN,IGSA,0,0
WASHTENAW COUNTY YOUTH FACILITY,ANN ARBOR,MI,48104,DET,IGSA,0,0
DENVER CITY PADF,DENVER,CO,80201,DEN,IGSA,0,0
GILPIN COUNTY SHERIFF,GOLDEN,CO,80403,DEN,IGSA,0,0
COMPASS HOUSE SHELTER,BUFFALO,NY,14209,BUF,DRO JUV,0,0
COLUMBIA CARE CENTER,COLUMBIA,SC,29203,MIA,IGSA,0,0
SHAWNEE COUNTY JUV.DET.CTR,TOPEKA,KS,66607,CHI,IGSA,0,0
BELL COUNTY JAIL,BELTON,TX,76513,SNA,IGSA,1,0
DAVIS CO. JAIL,FARMINGTON,UT,84025,SLC,IGSA,0,0
CARVER CO. JUVY DETENTION,CHASKA,MN,55318,SPM,DRO JUV,0,0
HAYS CTY JAIL,SAN MARCOS,TX,78666,SNA,IGSA,0,0
BUTTE-SILVER BOW COUNTY JAIL,BUTTE,MT,59701,SLC,IGSA,0,0
BIG HORN COUNTY JAIL,BASIN,WY,82410,DEN,IGSA,0,0
ADAMS COUNTY,RITZVILLE,WA,99169,SEA,IGSA,0,0
FRANKLIN COUNTY,PASCO,WA,99301,SEA,IGSA,0,0
MARION USP,MARION,IL,62959,CHI,BOP,1,0
BONNER COUNTY DETENTION CENTER,SANDPOINT,ID,83864,SEA,IGSA,0,0
BERNALILLO COUNTY DET CTR,ALBUQUERQUE,NM,87102,ELP,IGSA,344,824
BUTLER COUNTY JAIL,EL DORADO,KS,67042,CHI,IGSA,14,35
GARFIELD COUNTY JAIL,GLENWOOD SPGS,CO,81601,DEN,IGSA,14,42
BROOKS COUNTY JAIL (CONTRACT),FALFURRIAS,TX,78355,SNA,IGSA,9,53
MACOMB COMT,MT. CLEMENS,MI,48045,DET,IGSA,6,22
COLQUITT COUNTY JAIL,MOULTRIE,GA,31776,ATL,IGSA,5,62
NOBLES CO. JAIL,WORTHINGTON,MN,56082,SPM,IGSA,5,43
CASA SAN JUAN,SAN DIEGO,CA,92103,SND,DRO JUV,5,13
JOHNSON COUNTY DETENTION CENTER,SMITHSFIELD,NC,27577,ATL,IGSA,4,31
FRIO COUNTY JAIL,PEARSALL,TX,78061,SNA,IGSA,4,46
LASALLE COUNTY JAIL,COTTULA,TX,78014,SNA,IGSA,3,33
ST CLAIR CO.,PORT HURON,MI,48060,DET,IGSA,3,14
PLATTE COUNTY JAIL,PLATTE CITY,MO,64079,CHI,IGSA,3,32
CAMP DODGE,JOHNSTON,IA,50131,SPM,IGSA,2,361
PORTLAND DISTRICT OFFICE,PORTLAND,OR,97209,SEA,OTHER,2,30
SOUTHERN UTE DETENTION CENTER,IGNACIO,CO,81137,DEN,IGSA,2,22
CANADIAN COUNTY,EL RENO,OK,73036,DAL,IGSA,2,17
HARRIS COUNTY JAIL,HAMILTON,GA,31811,ATL,IGSA,2,15
VAL VERDE DETENTION CENTER,DEL RIO,TX,78640,SNA,IGSA,2,7
DICKENS COUNTY DET. CENTER,SPUR,TX,79370,DAL,IGSA,1,49
BOSTON SPC,BOSTON,MA,21090,BOS,IGSA,1,278
COMFORT SUITES HOTEL,MIAMI,FL,33175,MIA,OTHER,1,0
FORSYTH COUNTY JAIL,WINSTON-SALEM,NC,27101,ATL,IGSA,1,0
CHELAN CO. REGIONAL JAIL,WENATCHEE,WA,98801,SEA,IGSA,0,23
ESSEX CO. JAIL,MIDDLETON,MA,19490,BOS,IGSA,1,29
LEA COUNTY JAIL,LOVINGTON,NM,88260,ELP,IGSA,1,47
ELGIN POLICE DEPT. JAIL,ELGIN,IL,60120,CHI,IGSA,1,0
KLAMATH CO JAIL,KLAMATH FALLS,OR,97601,SEA,IGSA,1,13
TRUMBULL COUNTY JAIL,WARREN,OH,44483,DET,IGSA,0,0
RAY BROOK FED.CORR.INST.,RAY BROOK,NY,12977,BUF,BOP,1,0
WACKENHUT CORRECTIONS CORP,SANDIEGO,CA,92101,SND,IGSA,1,82
ALBANY COUNTY JAIL,LARAMIE,WY,82070,DEN,IGSA,1,14
MARIN JUVENILE HALL,SAN RAFAEL,CA,94903,SFR,ORR,1,0
SEATTLE FIELD OFFICE HOLD ROOM,SEATTLE,WA,98168,SEA,OTHER,1,0
LARIMER COUNTY JAIL,FT. COLLINS,CO,80522,DEN,IGSA,1,0
WEBB COUNTY JAIL,LAREDO,TX,78041,SNA,IGSA,1,0
RENO COUNTY JAIL,HUTCHINSON,KS,67501,CHI,IGSA,1,17
MEDFORD SUB-OFFICE,MEDFORD,OR,97601,SEA,OTHER,1,0
DOUGLAS CO. WISCONSIN,SUPERIOR,WI,54880,SPM,IGSA,1,0
BANNOCK COUNTY JAIL,POCATELLO,ID,83205,SLC,IGSA,1,0
UMATILLA CO JAIL,PENDLETON,OR,97801,SEA,IGSA,1,0
BSCC GILES DARBY FACILITY,POST,TX,79356,DAL,IGSA,1,0
LUNA COUNTY JAIL,DEMING,NM,88030,ELP,IGSA,1,25
LEWIS & CLARK COUNTY JAIL,HELENA,MT,59601,SLC,IGSA,0,0
THREE RIVERS FCI,THREE RIVERS,TX,78071,SNA,BOP,0,0
JACKSONVILLE SUB-OFFICE,JACKSONVILLE,FL,32216,MIA,OTHER,0,33
ST. MARTIN D.P. NURS.HOME,LAKE CHARLES,LA,70615,NOL,IGSA,0,0
DADE COUNTY CORRECTIONAL,MIAMI,FL,33034,MIA,IGSA,0,0
SEDGWICK COUNTY JAIL,WICHITA,KS,67203,CHI,IGSA,0,0
LAWRENCE COUNTY JAIL,NEW CASTLE,PA,16101,PHI,IGSA,0,0
EASTERN REGIONAL JAIL,MARTINSBURG,WV,25401,PHI,IGSA,0,0
COWLITZ COUNTY JAIL,KELSO,WA,98626,SEA,IGSA,0,0
OSWEGO COUNTY JAIL,OSWEGO,NY,13126,BUF,IGSA,0,0
BINGHAM COUNTY JAIL,BLACKFOOT,ID,83221,SLC,IGSA,0,0
BEDFORD COUNTY JAIL,BEDFORD,PA,15522,PHI,IGSA,0,23
TOOLE COUNTY,SHELBY,MT,59474,SLC,IGSA,0,0
LANE CO JAIL,EUGENE,OR,97401,SEA,IGSA,0,0
WEST OAKS HOSPITAL,HOUSTON,TX,77074,HOU,IGSA,0,0
MONTGOMERY COUNTY JAIL,FONDA,NY,12068,BUF,IGSA,0,0
PICKAWAY COUNTY JAIL,CIRCLEVILLE,OH,43113,DET,IGSA,0,0
SWEETWATER COUNTY JAIL,GREEN RIVER,WY,82935,DEN,IGSA,0,0
LARAMIE COUNTY JAIL,CHEYENNE,WY,82001,DEN,IGSA,0,0
MESA COUNTY JAIL,GRAND JUNCTION,CO,81502,DEN,IGSA,0,0
JACKSON MEMORIAL HOSPITAL,MIAMI,FL,33186,MIA,IGSA,0,0
MONTGOMERY CITY JAIL,MONTGOMERY,AL,36104,NOL,IGSA,0,0
MOUNTRAIL CO. JAIL,STANLEY,ND,58784,SPM,IGSA,0,0
VALLEY BAPTIST HOSPITAL,HARLINGEN,TX,78550,SNA,IGSA,0,0
BROADWATER COUNTY SHERIFF,TOWNSEND,MT,59644,SLC,IGSA,0,0
GOSHEN COUNTY JAIL,TORRINGTON,WY,82240,DEN,IGSA,0,0
BOTTINEAU CO. ND JAIL,BOTTINEAU,ND,58318,SPM,IGSA,0,0
COOK INLET PRETRIAL,ANCHORAGE,AK,99501,SEA,IGSA,0,0
BENTON COUNTY DETENTION CENTER,BENTONVILLE,AR,72712,NOL,IGSA,0,0
HARTFORD OFFICE,HARTFORD,CT,61030,BOS,OTHER,0,0
SARPY COUNTY JUVENILE,PAPILLION,NE,68048,SPM,DRO JUV,0,0
GREENE COUNTY JAIL,SPRINGFIELD,MO,65802,CHI,IGSA,0,0
LEWIS COUNTY JAIL,LOWVILLE,NY,13387,BUF,IGSA,0,0
CHESTER CNTY JAIL,WEST CHESTER,PA,19380,PHI,IGSA,0,0
SAGUACHE COUNTY JAIL,SAGUACHE,CO,81149,DEN,IGSA,0,0
DEPELCHIN CHILDREN'S CENTER,HOUSTON,TX,77007,HOU,ORR,0,0
DALLAS COUNTY JAIL,DALLAS,TX,76207,DAL,IGSA,0,0
FRANKLIN COUNTY JAIL,MALONE,NY,12953,BUF,IGSA,0,0
PENOBSCOT COUNTY JAIL,BANGOR,ME,44010,BOS,IGSA,0,0
MARICOPA MEDICAL CENTER,PHOENIX,AZ,85038,PHO,IGSA,0,0
CLEAR CREEK COUNTY JAIL,GEORGETOWN,CO,80444,DEN,IGSA,0,0
BSCC FLIGHTLINE UNIT,BIG SPRING,TX,79720,DAL,IGSA,0,0
BONNEVILLE CO. JAIL,IDAHO FALLS,ID,83402,SLC,IGSA,0,0
HILL COUNTY JUSTICE CENTER,HAVRE,MT,59501,SLC,IGSA,0,0
JEFFERSON COUNTY JAIL,RIGBY,ID,83442,SLC,IGSA,0,0
HUDSPETH COUNTY JAIL,SIERRA BLANCA,TX,79851,ELP,IGSA,0,49
INH STATE PRISON FOR WOMEN,GOFFSTOWN,NH,30450,BOS,IGSA,0,0
WESTMORELAND COUNTY JAIL,GREENSBURG,PA,15601,PHI,IGSA,0,0
ORLEANS COUNTY JAIL,ALBION,NY,14411,BUF,IGSA,0,0
FAIRFAX CO JAIL,FAIRFAX,VA,22030,WAS,IGSA,0,0
RIO GRANDE COUNTY JAIL,DEL NORTE,CO,81132,DEN,IGSA,0,0
MANSON YOUTH INST,CHESHIRE,CT,64100,BOS,IGSA,0,0
LEMON CREEK,JUNEAU,AK,99801,SEA,IGSA,0,0
CLARION COUNTY CORRECTIONS,SHIPPENVILLE,PA,16254,PHI,IGSA,0,0
OTERO COUNTY DETENTION,ALAMOGORDO,NM,88310,ELP,IGSA,0,17
SANDOVAL COUNTY DET CTR,BERNALILLO,NM,87004,ELP,IGSA,0,0
MCKINLEY COUNTY ADULT DET. CEN.,GALLUP,NM,87301,ELP,IGSA,0,13
EAGLE COUNTY JAIL,EAGLE,CO,81631,DEN,IGSA,0,0
MCCLELLAN CTY JAIL,WACO,TX,76705,SNA,IGSA,0,0
BROOKS COUNTY JAIL (SHERIFF),FALFURRIAS,TX,78355,SNA,IGSA,0,0
HEL DISTRICT CUSTODY,HELENA,MT,59601,SLC,OTHER,0,0
DOUGLAS CO JAIL,ROSEBURG,OR,97470,SEA,IGSA,0,0
COLOMBIA COUNTY JAIL,HUDSON,NY,12543,BUF,IGSA,0,0
ANOKA CO JUVENILE CENTER,LINO LAKES,MN,55014,SPM,IGSA,0,0
GOODHUE COUNTY JAIL,RED WING,MN,55066,SPM,IGSA,0,0
ERIE COUNTY CORRECTIONAL,ALDEN,NY,14004,BUF,IGSA,0,0
AROOSTOOK COUNTY JAIL,HOULTON,ME,47300,BOS,IGSA,0,0
GALLATIN COUNTY JAIL,BOZEMAN,MT,59715,SLC,IGSA,0,0
ANNE KLEIN PSYCHIATRIC INSTITUTE,W. TRENTON,NJ,68280,NYC,IGSA,0,0
HIDALGO COUNTY JAIL,EDINBURG,TX,78539,DAL,IGSA,0,0
LOUDOUN COUNTY,LEESBURG,VA,22075,WAS,IGSA,0,0
WILSON COUNTY JAIL,FLORESVILLE,TX,78114,SNA,IGSA,0,0
RIO GRANDE ST.HOSPITAL,HARLINGEN,TX,78650,SNA,IGSA,0,0
MISSOULA COUNTY,MISSOULA,MT,59802,SLC,IGSA,0,0
GRAND COUNTY JAIL,SPGS,CO,80451,DEN,IGSA,0,0
BROOMFIELD DETENTION CENTER,BROOMFIELD,CO,80021,DEN,IGSA,0,0
CARBON COUNTY JAIL,RAWLINS,WY,82301,DEN,IGSA,0,0
LINCOLN COUNTY JAIL,HUGO,CO,80821,DEN,IGSA,0,0
ROCK ISLAND COUNTY JAIL,ROCK ISLAND,IL,61201,CHI,IGSA,0,16
JEFFERSON COUNTY JAIL,WATERTOWN,NY,13601,BUF,IGSA,0,0
GARNER CORR INST,NEWTOWN,CT,64700,BOS,IGSA,0,0
BRYAN COUNTY JAIL,PEMBROKE,GA,31321,ATL,IGSA,0,0
PEMBINA COUNTY JAIL,CAVALIER,ND,58220,SPM,IGSA,0,0
BASTROP COUNTY JAIL,BASTROP,TX,78602,SNA,IGSA,0,0
LAKE COUNTY JAIL,POLSOM,MT,59860,SLC,IGSA,0,0
BIG HORN COUNTY JAIL,HARDIN,MT,59034,SLC,IGSA,0,0
BSCC CEDAR HILL UNIT,BIG SPRING,TX,79720,DAL,IGSA,0,0
LUTHERAN CHILDEREN AND FAMILY SVC,PHILADELPHIA,PA,19001,CHI,IGSA,0,0
BROOME COUNTY JAIL,BINGHAMTON,NY,13905,BUF,IGSA,0,0
FRANKLIN COUNTY JAIL,FARMINGTON,ME,49380,BOS,IGSA,0,0
LEMUEL SHATTUCK HOSPITAL,JAMAICA PLAIN,MA,21300,BOS,IGSA,0,0
WASHINGTON COUNTY JAIL,STILLWATER,MN,55082,SPM,IGSA,0,0
BASTROP FED.CORR.INST.,BASTROP,TX,78602,SNA,BOP,0,0
US MARSHALS WEST.DIST,SAN ANTONIO,TX,78206,SNA,IGSA,0,0
OKANOGAN CO. JAIL,OKANOGAN,WA,98840,SEA,IGSA,0,0
NORTHERN REGIONAL JAIL,MOUNDSVILLE,WV,26041,PHI,IGSA,0,14
NEW/INS OS HOLD ROOM,NEWARK,NJ,71020,NEW,OTHER,0,0
PROWERS COUNTY JAIL,LAMAR,CO,81052,DEN,IGSA,0,0
CAMPBELL COUNTY JAIL,GILLETTE,WY,82718,DEN,IGSA,0,0
BIG SPRING FED.CORR.INST.,BIG SPRING,TX,79720,DAL,BOP,0,0
CHATHAM CO JAIL,SAVANNAH,GA,31405,ATL,IGSA,0,0
OMAHA FO HOLD,OMAHA,NE,68110,SPM,OTHER,0,3
INS DISTRICT OFFICE,HONOLULU,HI,96813,SFR,OTHER,0,0
KETCHIKAN REGIONAL CC,KETCHIKAN,AK,99801,SEA,IGSA,0,0
PORTSMOUTH CITY JAIL,PORTSMOUTH,VA,23153,NYC,IGSA,0,0
AIRPORT HOTEL SAJ,ISLA VERDE,PR,97900,MIA,OTHER,0,0
CONVERSE COUNTY JAIL,DOUGLAS,WY,82633,DEN,IGSA,0,0
ROUTT COUNTY JAIL,STEAMBOAT SPGS,CO,80477,DEN,IGSA,0,0
SAN MIGUEL COUNTY JAIL,TELLURIDE,CO,81435,DEN,IGSA,0,0
JOHNSON COUNTY JAIL,CLEBURNE,TX,76031,DAL,IGSA,0,0
FLOYD COUNTY JAIL,NEW ALBANY,IN,47150,CHI,IGSA,0,0
MAINE YOUTH CENTER,SOUTH PORTLAND,ME,41060,BOS,IGSA,0,0
DOUGLAS CO. MN,ALEXANDRIA,MN,56308,SPM,IGSA,0,0
TRAILL CO. JAIL,HILLSBORO,ND,58045,SPM,IGSA,0,0
N.E.NEB JUVENILE SERVICES,MADISON,NE,68748,SPM,DRO JUV,0,0
KERR COUNTY JAIL,KERRVILLE,TX,78028,SNA,IGSA,0,0
SALT LAKE VALLEY JUVENILE,SALT LAKE CITY,UT,84119,SLC,IGSA,0,0
YELLOWSTONE COUNTY YOUTH SERVICES,BILLINGS,MT,59101,SLC,IGSA,0,0
ROSEBUD COUNTY JAIL,FORSYTH,MT,59127,SLC,IGSA,0,0
WHITEFISH CITY JAIL,WHITEFISH,MT,59937,SLC,IGSA,0,0
FERRY COUNTY JAIL,REPUBLIC,WA,99166,SEA,IGSA,0,0
CASA GRANDE REC. MED. CENTER,CASA GRANDE,AZ,85222,PHO,IGSA,0,0
MIAMI DISTRICT,MIAMI,FL,33138,MIA,HOLD,0,0
KIT CARSON COUNTY,BURLINGTON,CO,80807,DEN,IGSA,0,0
RIO BLANCO COUNTY JAIL,MEEKER,CO,81641,DEN,IGSA,0,0
FINNEY COUNTY JAIL,GARDEN CITY,KS,67846,CHI,IGSA,0,0
WASHINGTON COUNTY JAIL,MACHIAS,ME,46540,BOS,IGSA,0,0
HENRICO COUNTY JAIL,RICHMOND,VA,23261,WAS,IGSA,0,0
TDC-WACO-MCLENN,GATESVILLE,TX,78528,SNA,IGSA,0,0
CALDWELL COUNTY JAIL,LOCKHART,TX,78644,SNA,IGSA,0,0
SWEETWATER COUNTY JAIL,BIG TIMBER,MT,59011,SLC,IGSA,0,0
FLATHEAD COUNTY JAIL,KALISPELL,MT,59901,SLC,IGSA,0,0
KOOTENAI COUNTY,COEUR D' ALENE,ID,83814,SLC,IGSA,0,0
RAVALLI COUNTY JAIL,HAMILTON,MT,59840,SLC,IGSA,0,0
SNAKE RIVER JUVENILE,TWIN FALLS,ID,83301,SLC,DRO JUV,0,0
BRADENTON DETENTION CENTER,BRADENTON,FL,34205,MIA,IGSA,0,2
COLLIER COUNTY SHERIFF,NAPLES,FL,34101,MIA,IGSA,0,0
SUMMIT COUNTY JAIL,BRECKENRIDGE,CO,80424,DEN,IGSA,0,0
UINTA COUNTY JAIL,EVANSTON,WY,82930,DEN,IGSA,0,0
BSCC INTERSTATE UNIT,BIG SPRING,TX,79720,DAL,IGSA,0,0
ST. JOSEPH COUNTY JAIL,SOUTH BEND,IN,46601,CHI,IGSA,0,0
EQUINOX SHELTER,ALBANY,NY,12202,BUF,DRO JUV,0,0
LAFFAYETTE SHERIFF'S LOCK,HARTFORD,CT,61060,BOS,IGSA,0,0
ADDISON COUNTY JAIL,MIDDLEBURY,VT,57530,BOS,IGSA,0,0
TAUNTON STATE HOSPITAL,TAUNTON,MA,27800,BOS,IGSA,0,0
VA. PENINSULA REG JAIL,WILLIAMSBURG,VA,23185,WAS,IGSA,0,0
NORTHERN NECK REG JAIL,WARSAW,VA,22572,WAS,IGSA,0,0
LAWRENCE CO. JAIL,DEADWOOD,SD,57732,SPM,IGSA,0,0
EL PASO SPC JUVENILE,EL PASO,TX,79925,SND,IGSA,0,0
GILLISPIE CTY JAIL,FREDERICKSBURG,TX,78624,SNA,IGSA,0,0
TDC-DOMINGUEZ UNIT,SAN ANTONIO,TX,78252,SNA,IGSA,0,0
GONZALES COUNTY JAIL,GONZALEZ,TX,78629,SNA,IGSA,0,0
BURNET COUNTY JAIL,BURNET,TX,78611,SNA,IGSA,0,0
LINDA WOODMANSJF,GATESVILLE,TX,78528,SNA,IGSA,0,0
SHERIDAN COUNTY JAIL,PLENTYWOOD,MT,59254,SLC,IGSA,0,0
DAWSON COUNTY JAIL,GLENDIVE,MT,59330,SLC,IGSA,0,0
PHILLIPS COUNTY JAIL,MALTA,MT,59538,SLC,IGSA,0,0
PONDERA COUNTY JAIL,CONRAD,MT,59425,SLC,IGSA,0,0
SAN MATEO JUVENILE HALL,SAN MATEO,CA,94402,SFR,IGSA,0,0
SAN JOAQUIN COUNTY JAIL,FRENCH CAMP,CA,95231,SFR,IGSA,0,0
HIGHLAND MTN COR CTR,EAGLE RIVER,AK,99577,SEA,IGSA,0,0
JACKSON COUNTY JUVENILE,MEDFORD,OR,97501,SEA,IGSA,0,0
CLEARFIELD CO. JAIL,CLEARFIELD,PA,16830,PHI,IGSA,0,0
SUFFOLK CO.CORREC FAC,RIVERHEAD,NY,11901,NYC,IGSA,0,0
CIBOLA COUNTY DET CTR,GRANTS,NM,87020,ELP,IGSA,0,0
DRURY INN,DENVER,CO,80239,DEN,OTHER,0,0
WASHINGTON COUNTY JAIL,AKRON,CO,80720,DEN,IGSA,0,0
DOUGLAS COUNTY DETENTION FACILITY,CASTLE ROCK,CO,80109,DEN,IGSA,0,0
MONTROSE COUNTY JAIL,MONTROSE,CO,81402,DEN,IGSA,0,0
ELBERT COUNTY JAIL,KIOWA,CO,80117,DEN,IGSA,0,0
GUNNISON COUNTY JAIL,GUNNISON,CO,81230,DEN,IGSA,0,0
TOM GREEN CTY JAIL,SAN ANGELO,TX,76903,DAL,IGSA,0,0
SEWARD COUNTY JAIL,LIBERAL,KS,87901,CHI,IGSA,0,0
CASEY HOUSE SHELTER,BUFFALO,NY,14301,BUF,IGSA,0,0
CORRIGAN CORR INST,UNCASVILLE,CT,63620,BOS,IGSA,0,0
FAIRFAX CO. ADULT DETENTION CENTER,FAIRFAX,VA,22030,WAS,IGSA,0,0
ROSEAU COUNTY JAIL,ROSEAU,MN,56751,SPM,IGSA,0,0
PENNINGTON CO. JAIL,THIEFRIVER FALLS,MN,56701,SPM,IGSA,0,0
MEADE CO. JAIL,STURGIS,SD,57785,SPM,IGSA,0,0
LAKE OF THE WOODS COUNTY JAIL,BAUDETTE,MN,55623,SPM,IGSA,0,0
SARPY COUNTY JAIL,PAPILLION,NE,68046,SPM,IGSA,0,0
MADISON COUNTY JAIL,MADISON,NE,68748,SPM,IGSA,0,0
REGIONS MEDICAL CENTER,ST. PAUL,MN,55101,SPM,IGSA,0,0
CORYELL COUNTY JAIL,COPPERAS COVE,TX,76528,SNA,IGSA,0,0
BLANCO COUNTY JAIL,JOHNSON CITY,TX,78636,SNA,IGSA,0,0
KENDALL COUNTY JAIL,BOERNE,TX,78006,SNA,IGSA,0,0
BEXAR COUNTY JUVENILE,SAN ANTONIO,TX,77803,SNA,IGSA,0,0
MINERAL COUNTY JAIL,SUPERIOR,MT,59872,SLC,IGSA,0,0
MUSSELSHELL COUNTY JAIL,ROUNDUP,MT,59072,SLC,IGSA,0,0
CUSTER COUNTY JAIL,MILES CITY,MT,59301,SLC,IGSA,0,0
CANYON COUNTY JAIL,CALDWELL,ID,83605,SLC,IGSA,0,0
CACHE CO. JAIL,LOGAN,UT,84321,SLC,IGSA,0,0
YOLO COUNTY JAIL,WOODLAND,CA,95776,SFR,IGSA,0,0
MCLAUGHLIN YOUTH CENTER,ANCHORAGE,AK,99508,SEA,DRO JUV,0,0
DUTCH HARBOR CITY JAIL,UNALASKA,AK,99685,SEA,IGSA,0,0
MCNEIL ISLAND CORRECTIONS,STEILACOOM,WA,98388,SEA,IGSA,0,0
US MARSHALS,PORTLAND,OR,97204,SEA,IGSA,0,0
CARBON COUNTY CORRECTIONL,NESQUEHONING,PA,18240,PHI,IGSA,0,0
LEHIGH COUNTY JAIL,ALLENTOWN,PA,18102,PHI,IGSA,0,0
BUTLER COUNTY JAIL,BUTLER,PA,16001,PHI,IGSA,0,0
SOMERSET COUNTY JAIL,SOMERSET,PA,15501,PHI,IGSA,0,0
ROBERTSON CO. DET.CENTER,SPRINGFIELD,TN,37172,NOL,IGSA,0,0
MEMPHISSHELBY COUNTY JUV,MEMPHIS,TN,38106,NOL,IGSA,0,0
SEBASTIAN COUNTY JUVENILE,FORT SMITH,AR,72901,NOL,IGSA,0,0
HILLSBOROUGH COUNTY JAIL,TAMPA,FL,33619,MIA,IGSA,0,0
SANTA FE CORNELL DET. FAC.,SANTA FE,NM,87505,ELP,IGSA,0,0
KENTON COUNTY JAIL,COVINGTON,KY,41011,DET,IGSA,0,0
TELLER COUNTY JAIL,DIVIDE,CO,80814,DEN,IGSA,0,0
COLO DEPT OF CORRECTIONS,COLO. SPGS,CO,80906,DEN,IGSA,0,0
BENT COUNTY JAIL,LAS ANIMAS,CO,81054,DEN,IGSA,0,0
ENGLEWOOD FED.CORR.INST.,LITTLETON,CO,80123,DEN,BOP,0,0
YUMA COUNTY JAIL,WRAY,CO,80758,DEN,IGSA,0,0
PITKIN COUNTY JAIL,ASPEN,CO,81611,DEN,IGSA,0,0
EMBASSY SUITES HOTEL,DENVER,CO,80239,DEN,IGSA,0,0
LAKE COUNTY JAIL,LEADVILLE,CO,80461,DEN,IGSA,0,0
QUALITY INN,SPRINGS,CO,81647,DEN,IGSA,0,0
LUTHERAN COMMUNITY SERVICES,WORCESTER,MA,16040,CHI,ORR,0,0
CORTLAND COUNTY JAIL,CORTLAND,NY,13046,BUF,IGSA,0,0
ST LAWRENCE COUNTY JAIL,CANTON,NY,13617,BUF,IGSA,0,0
SCHNECTADY COUNTY JAIL,SCHNECTADY,NY,12307,BUF,IGSA,0,0
TIOGA COUNTY JAIL,OSWEGO,NY,13827,BUF,IGSA,0,0
STEUBEN COUNTY JAIL,BATH,NY,14810,BUF,IGSA,0,0
FULTON COUNTY JAIL,JOHNSTOWN,NY,12095,BUF,IGSA,0,0
RENSSALAER COUNTY,TROY,NY,12180,BUF,IGSA,0,0
GREENE COUNTY JAIL,CATSKILL,NY,12414,BUF,IGSA,0,0
ACI,CRANSTON,RI,29200,BOS,IGSA,0,0
HANCOCK COUNTY JAIL,ELLSWORTH,ME,46050,BOS,IGSA,0,0
ROANOKE CITY JAIL,SALEM,VA,24153,WAS,IGSA,0,0
PIEDMONT POLICE DEPT,PIEDMONT,OK,73078,WAS,IGSA,0,0
CENTRAL VA REGIONAL JAIL,ORANGE COUNTY,VA,22960,WAS,IGSA,0,0
GRAND FORKS CO. JUVENILE,GRAND FORKS,ND,58206,SPM,DRO JUV,0,0
HENNEPIN COUNTY ADC,MINNEAPOLIS,MN,55415,SPM,IGSA,0,0
ATASCOSA COUNTY JAIL,JOURDANTON,TX,78026,SNA,IGSA,0,0
KIMBLE COUNTY JAIL,JUNCTION,TX,76849,SNA,IGSA,0,0
KERR COUNTY JDC,KERRVILLE,TX,78028,SNA,IGSA,0,0
FAYETTE COUNTY JAIL,LA GRANGE,TX,78945,SNA,IGSA,0,0
MEDINA CNTY JUVENILE CORR,HONDO,TX,78861,SNA,IGSA,0,0
BELL COUNTY JUVENILE,KILLEEN,TX,76543,SNA,IGSA,0,0
MEDINA COUNTY JAIL,HONDO,TX,78861,SNA,IGSA,0,0
FRESNO COUNTY JAIL,FRESNO,CA,93721,SFR,IGSA,0,0
MALHEUR COUNTY JAIL,VALE,OR,97918,SEA,IGSA,0,0
CENTE,OLYMPIA,WA,98502,SEA,IGSA,0,0
BERKS CO. JUVI,LEESPORT,PA,19533,PHI,DRO JUV,0,0
BUCKS CNTY JAIL,DOYLESTOWN,PA,18901,PHI,IGSA,0,0
ALLENWOOD (LOW) FCI,WHITE DEER,PA,17887,PHI,BOP,0,0
DELAWARE CO JAIL,MEDIA,PA,19063,PHI,IGSA,0,0
YORK COUNTY JAIL,ALFRED,ME,40020,NYC,IGSA,0,0
EAST BATON ROUGE JAIL,SCOTLANDVILLE,LA,70807,NOL,IGSA,0,0
OAKDALE FED.CORR.INST.,OAKDALE,LA,71463,NOL,BOP,0,0
BAY COUNTY,PANAMA CITY,FL,32404,MIA,IGSA,0,0
CALIFORNIA STATE PRISON,CORCORAN,CA,93212,LOS,IGSA,0,0
OMAHA CORRECTIONAL CENTER,OMAHA,NE,88111,ELP,IGSA,0,0
ST JOSEPH CO,CENTREVILLE,MI,49032,DET,IGSA,0,0
IONIA CO.,IONIA,MI,48846,DET,IGSA,0,0
EOTOH COUNTY CORRECTION CENTER,ODESSA,TX,79781,DAL,IGSA,0,0
INS AIRPORT HOLD,CHICAGO,IL,60666,CHI,OTHER,0,0
DELAWARE COUNTY JAIL,DELHI,NY,13753,BUF,IGSA,0,0
CHEMUNG COUNTY JAIL,ELMIRA,NY,14901,BUF,IGSA,0,0
YATES COUNTY JAIL,PENNYAN,NY,14527,BUF,IGSA,0,0
LIVINGSTON COUNTY JAIL,GENESEO,NY,14454,BUF,IGSA,0,0
N.C. DEPT OF CORRECTIONS,RALEIGH,NC,27603,ATL,IGSA,0,0
NORFOLK CITY JAIL,NORFOLK,VA,23510,WAS,IGSA,0,0
SHENANDOAH CO JAIL,WOODSTOCK,VA,22664,WAS,IGSA,0,0
NOL D D & P,NEW ORLEANS,LA,70113,SPM,OTHER,0,0
CASS COUNTY JAIL,FARGO,ND,58107,SPM,IGSA,0,0
BROOKINGS CO. SD JAIL,BROOKINGS,SD,57008,SPM,IGSA,0,0
BEADLE CO. SD JAIL,HURON,SD,57350,SPM,IGSA,0,0
MINNEHAHA JUVENILE DET CN,SIOUX FALLS,SD,57106,SPM,IGSA,0,0
RICE COUNTY JAIL,FARIBAULT,MN,55021,SPM,IGSA,0,0
DAVISON COUNTY,MITCHELL,SD,57301,SPM,IGSA,0,0
DEVILS LAKE LAW ENF CENTR,DEVILS LAKE,ND,58301,SPM,IGSA,0,0
CODINGTON CO. JAIL,WATERTOWN,SD,57201,SPM,IGSA,0,0
HUGHES CO. JAIL,PIERRE,SD,57501,SPM,IGSA,0,0
SANDSTONE FED.CORR.INST.,SANDSTONE,MN,55072,SPM,BOP,0,0
FREESTONE COUNTY JAIL,FAIRFIELD,TX,75840,SNA,IGSA,0,0
DOLLY VINSANT,SAN BENITO,TX,78586,SNA,IGSA,0,0
SHOSHONE CO PUBLIC SAFETY FACILITY,WALLACE,ID,83873,SLC,IGSA,0,0
COLUMBIA FALLS POLICE DEPARTMENT,COLUMBIA FALLS,MT,59912,SLC,IGSA,0,0
FREMONT COUNTY JAIL,ST. ANTHONY,ID,83445,SLC,IGSA,0,0
HOSANNA GIRLS RANCH,CASTRO VALLEY,CA,94552,SFR,IGSA,0,0
HOSANNA HOMES FOR BOYS,CASTRO VALLEY,CA,94552,SFR,IGSA,0,0
SAN MATEO CO JAIL,REDWOOD CITY,CA,94063,SFR,IGSA,0,0
SANTA CLARA CO JAIL/MEN'S,MILPITAS,CA,95035,SFR,IGSA,0,0
LUTHERN SOCIAL SERVICES,MOUNTLAKE TERR.,WA,98043,SEA,ORR,0,0
RUTH DYKEMAN CHILD CENTER,SEATTLE,WA,98166,SEA,ORR,0,0
MATSU PRETRIAL,PALMER,AK,99645,SEA,IGSA,0,0
FAIRBANKS CORR CTR,FAIRBANKS,AK,99701,SEA,IGSA,0,0
BOUNDARY COUNTY,BONNERS FERRY,ID,83805,SEA,IGSA,0,0
SITKA CITY JAIL,SITKA,AK,99835,SEA,IGSA,0,0
COOS CO. JAIL,COQUILLE,OR,97423,SEA,IGSA,0,0
STEVENS COUNTY JAIL,COLVILLE,WA,99114,SEA,IGSA,0,0
LA PAZ COUNTY ADULT DET. FAC.,PARKER,AZ,85344,PHO,IGSA,0,0
IMPERIAL COUNTY JAIL,EL CENTRO,CA,92243,PHO,IGSA,0,0
GILA COUNTY JAIL,GLOBE,AZ,86501,PHO,IGSA,0,0
SOUTH CENTRAL REGIONAL JAIL,CHARLESTON,WV,25309,PHI,IGSA,0,0
CENTRE CO JAIL,BELLEFONTE,PA,16823,PHI,IGSA,0,0
HAHNEMANN HOPSITAL,PHILADELPHIA,PA,19107,PHI,IGSA,0,0
BECKLEY FED.CORR.INST.,BEAVER,WV,25813,PHI,BOP,0,0
OTISVILLE FED.CORR.INST.,OTISVILLE,NY,10963,NYC,BOP,0,0
BLOUNT COUNTY JUV DET CENTER,MARYVILLE,TN,37804,NOL,IGSA,0,0
ST MARTIN PARISH CORR CNT,ST.MARTINVILLE,LA,70582,NOL,IGSA,0,0
ESCAMBIA COUNTY DETENTION CENTER,BREWTON,AL,34626,NOL,IGSA,0,0
LAFAYETTE PARISH CORR CNT,LAFAYETTE,LA,70502,NOL,IGSA,0,0
ST MARTIN PARISH MEDICAL,ST MARTINVILLE,LA,70282,NOL,IGSA,0,0
PLAQUEMINES PARISH DET. CENTER,BRAITHWAITHE,LA,70040,NOL,IGSA,0,0
SHELBY CO. SHERIFF OFFICE,MEMPHIS,TN,36103,NOL,IGSA,0,0
CONCORDIA PARISH C O,FERRIDAY,LA,71334,NOL,IGSA,0,0
YAZOO CITY MEDIUM FCI,YAZOO CITY,MS,39194,NOL,BOP,0,0
MORRIS COUNTY JAIL,MORRISTOWN,NJ,79600,NEW,IGSA,0,0
FAIRTON FCI,FAIRTON,NJ,83200,NEW,BOP,0,0
POLK COUNTY JAIL,BARTOW,FL,33830,MIA,IGSA,0,0
CLAY COUNTY JAIL,SPRING,FL,92043,MIA,IGSA,0,0
COLEMAN FCI,COLEMAN,FL,33521,MIA,BOP,0,0
MIAMI FCI (FORMER MCC),MIAMI,FL,33178,MIA,BOP,0,0
CALIPATRIA STATE PRISON,CALIPATRIA,CA,92233,LOS,IGSA,0,0
MONTEREY CO. JAIL,SALINAS,CA,93906,LOS,IGSA,0,0
NEWTON COUNTY CORR. CTR.,NEWTON,TX,75966,HOU,IGSA,0,0
GRIMES COUNTY SHERIFF'S DEPT.,ANDERSON,TX,77830,HOU,IGSA,0,0
BEAUMONT FCC MEDIUM,BEAUMONT,TX,77720,HOU,BOP,0,0
BEAUMONT FCC LOW,BEAUMONT,TX,77720,HOU,BOP,0,0
REEVES COUNTY DET. CENTER,PECOS,TX,78772,ELP,IGSA,0,0
ODESSA DETENTION CENTER,ODESSA,TX,79761,ELP,IGSA,0,0
DONA ANA COUNTY DETENTION FACILITY,LAS CRUCES,NM,88004,ELP,IGSA,0,0
EL PASO COUNTY JAIL (TX),EL PASO,TX,79925,ELP,IGSA,0,0
OTTAWA CO. GRAND HAVEN,HUDSONVILLE,MI,49426,DET,IGSA,0,0
TAYLOR PD,TAYLOR,MI,48180,DET,IGSA,0,0
LAS ANIMAS COUNTY JAIL,TRINIDAD,CO,81082,DEN,IGSA,0,0
LOGAN COUNTY JAIL,STERLING,CO,80751,DEN,IGSA,0,0
OTERO COUNTY JAIL,LAJUNTA,CO,81050,DEN,IGSA,0,0
NIOBRARA COUNTY JAIL,LUSK,WY,82225,DEN,IGSA,0,0
DELTA COUNTY JAIL,DELTA,CO,81416,DEN,IGSA,0,0
HUERFANO COUNTY JAIL,WALSENBERG,CO,81089,DEN,IGSA,0,0
FLORENCE US PEN,FLORENCE,CO,81292,DEN,BOP,0,0
SOUTHWEST KEY PROGRAM (JUV),DALLAS,TX,75207,DAL,ORR,0,0
UPSHUR COUNTY JAIL,GILMER,TX,75644,DAL,IGSA,0,0
CARSWELL FED MED.CTR,FORT WORTH,TX,76127,DAL,BOP,0,0
LOYOLA MEDICAL CENTER,MAYWOOD,IL,60153,CHI,OTHER,0,0
COOK COUNTY HOSPITAL,CHICAGO,IL,60612,CHI,OTHER,0,0
CATHOLIC CHARITIES - FCP,MIAMI SPRINGS,FL,33012,CHI,ORR,0,0
WARREN COUNTY REGIONAL,BOWLING GREEN,KY,42010,CHI,IGSA,0,0
WAUKESHA COUNTY JAIL,WAUKESHA,WI,53188,CHI,IGSA,0,0
LEE COUNTY JAIL,DIXON,IL,61021,CHI,IGSA,0,0
OZAUKEE COUNTY JAIL,WASHINGTON,WI,53074,CHI,IGSA,0,0
SALINE COUNTY JAIL,SALINA,KS,67401,CHI,IGSA,0,0
PULASKI COUNTY DETENTION CENTER,SOMERSET,KY,42503,CHI,IGSA,0,0
RIVERIDGE HOSPITAL,FOREST PARK,IL,60130,CHI,IGSA,0,0
DANE COUNTY JAIL,MADISON,WI,53703,CHI,IGSA,0,0
DEWITT COUNTY JAIL,CLINTON,IL,61727,CHI,IGSA,0,0
JEFFERSON COUNTY JAIL,OSKALOOSA,KS,66066,CHI,IGSA,0,0
JENNINGS CITY JAIL,JENNINGS,MO,63136,CHI,IGSA,0,0
THOMAS COUNTY JAIL,COLBY,KS,67701,CHI,IGSA,0,0
FAYETTE COUNTY DETENTION CENTER,LEXINGTON,KY,40510,CHI,IGSA,0,0
FORD COUNTY JAIL,DODGE CITY,KS,67801,CHI,IGSA,0,0
NIAGARA FALLS CITY JAIL,NIAGARA FALLS,NY,14302,BUF,IGSA,0,0
OTSEGO COUNTY JAIL,COOPERSTOWN,NY,13326,BUF,IGSA,0,0
ORLEANS CORRECTIONAL,ALBION,NY,14411,BUF,IGSA,0,0
ANDROSCOGGIN COUNTY JAIL,AUBURN,ME,42100,BOS,IGSA,0,0
FRANKLIN HOUSE OF CORRECTIONS,GREENFIELD,MA,13010,BOS,IGSA,0,0
BWATER ST HOSP BRIDGEWATE,BRIDGEWATER,MA,23240,BOS,IGSA,0,0
NORTHERN MAINE JUVENILE DETENTION,CHARLESTON,ME,44220,BOS,IGSA,0,0
LINCOLN COUNTY JAIL,WISCASSET,ME,45780,BOS,IGSA,0,0
SOMERSET COUNTY JAIL,SKOWHEGAN,ME,49760,BOS,IGSA,0,0
OXFORD COUNTY JAIL,SOUTH PARIS,ME,42810,BOS,IGSA,0,0
PISCATAQUIS COUNTY JAIL,DOVER-FOXCROFT,ME,44260,BOS,IGSA,0,0
CLINTON C.F. DANNEMMORA,DANNEMORA,NY,12929,BOS,IGSA,0,0
WALDO COUNTY JAIL,BELFAST,ME,49150,BOS,IGSA,0,0
CATHOLIC HOME,MIAMI,FL,33157,ATL,ORR,0,0
BULLOCK COUNTY JAIL,STATESBORO,GA,30458,ATL,IGSA,0,0
MCINTOSH COUNTY JAIL,DARIEN,GA,31305,ATL,IGSA,0,0
US MARSHALS MIDDLE DISTRICT,GREENSBORO,NC,27401,ATL,IGSA,0,0
FORT DIX FED.CORR.INST.,FORT DIX,NJ,85400,ATL,BOP,0,0
JESUP FED.CORR.INST.,JESUP,GA,31545,ATL,BOP,0,0
EL RENO FED.CORR.INST.,EL RENO,OK,73036,ATL,BOP,0,0
WARREN COUNTY JUSTICE CTR,WARRENTON,MO,63383,CHI,IGSA,0,0
WOMEN'S DETENTION CENTER,MIAMI,FL,33127,MIA,IGSA,0,0
WHITMAN COUNTY JAIL,COLFAX,WA,99111,SEA,IGSA,0,0
BELLEVILLE PD,BELLEVILLE,MI,48111,DET,IGSA,0,0
WASHINGTON CO. JAIL,WASHINGTON,PA,15301,PHI,IGSA,0,0
CSP-SOLANO,VACAVILLE,CA,95696,SFR,IGSA,0,0
WOODBURY CO JUV DET CNTR.,SIOUX CITY,IA,51101,SPM,IGSA,0,0
CARTER COUNTY,ARDMORE,OK,73401,DAL,IGSA,0,0
WARD COUNTY JAIL,MINOT,ND,58702,SPM,IGSA,0,0
CAMERON COUNTY JAIL,BROWNSVILLE,TX,78520,SNA,IGSA,0,0
BENTON CO JAIL,VINTON,IA,52349,SPM,IGSA,0,0
CAMDEN COUNTY JAIL,CAMDEN,NJ,81010,NEW,IGSA,0,0
YAMHILL COUNTY CORRECTION,MCMINNVILLE,OR,97128,SEA,IGSA,0,0
BEAUREGARD PARISH JAIL,DE RIDDER,LA,70634,NOL,IGSA,0,0
WAUKEGAN CITY JAIL,WAUKEGAN,IL,60085,CHI,IGSA,0,0
BELLMONT PINES HOSPITAL,YOUNGSTOWN,OH,44505,DET,IGSA,0,0
ATCHINSON COUNTY JAIL,ATCHINSON,KS,66002,CHI,IGSA,0,0
BROWNSTOWN POLICE DEPT.,BROWNSTOWN,MI,48183,DET,IGSA,0,0
BROOKFIELD POLICE DEPT.,BROOKFIELD,IL,60513,CHI,IGSA,0,0
AUDRAIN COUNTY JAIL,MEXICO,MO,65265,CHI,IGSA,0,0
THE BRIDGE (YOUTH ALTERN.),SAN ANTONIO,TX,78213,SNA,IGSA,0,0
AVOYELLES WOMEN CORR CN,MARKSVILLE,LA,71351,NOL,IGSA,0,0
BAKER COUNTY SHERIFF DEPT.,MACCLENNY,FL,32063,MIA,IGSA,0,0
BRAZORIA COUNTY DET. CTR,ANGELTON,TX,77515,HOU,IGSA,0,0
YANKTON CO. JAIL SD,YANKTON,SD,57078,SPM,IGSA,0,0
BURLEIGH CO. JAIL,BISMARCK,ND,58502,SPM,IGSA,0,0
WILDWOOD STATE CORR. CTR.,KENAI,AK,99611,SEA,IGSA,0,0
ARK. D.O.C.-TEXARKANA UNIT,TEXARKANA,AR,75502,CHI,IGSA,0,0
YUMA COUNTY JAIL - ADULTS,YUMA,AZ,85364,PHO,IGSA,0,0
ANGELINA COUNTY JAIL,LUFKIN,TX,75901,HOU,IGSA,0,0
WALSH COUNTY JAIL,GRAFTON,ND,58237,SPM,IGSA,0,0
YUMA COUNTY JUVENILE CENT,YUMA,AZ,85364,PHO,IGSA,0,0
BOX ELDER CO. JAIL,BRIGHAM,UT,84302,SFR,IGSA,0,0
BRULE COUNTY JAIL,CHAMBERLAIN,SD,57325,SPM,IGSA,0,0
MCSO MADISON FACILITY,PHOENIX,AZ,85003,PHO,IGSA,0,0
KING COUNTY ADULT JAIL,SEATTLE,WA,98104,SEA,IGSA,0,0
MADISON CO. JAIL,CANTON,MS,39046,NOL,IGSA,0,0
MANATEE COUNTY DETENTION-ANNEX,PALMETTO,FL,34221,MIA,IGSA,0,0
MARSHFIELD E. CENTER,MANSFIELD,TX,76063,CHI,IGSA,0,0
MARION CO JAIL,SALEM,OR,97301,SEA,IGSA,0,0
MARTIN COUNTY JAIL,STUART,FL,34994,MIA,IGSA,0,0
MARTIN HALL JUVENILE,MEDICAL LAKE,WA,99022,SEA,IGSA,0,0
ST. LOUIS JUVENILE CTR,ST. LOUIS,MO,63106,CHI,IGSA,0,0
MULTI CO. JUV.CENTER,CANTON,OH,44706,DET,IGSA,0,0
MCSO SPECIAL USE FACILITY,PHOENIX,AZ,85003,PHO,IGSA,0,0
MERCED COUNTY JAIL,MERCED,CA,95344,SFR,IGSA,0,0
MERCER CO. JAIL,MERCER,PA,16137,PHI,IGSA,0,0
MERRIMACK COUNTY JAIL,BOSCAWAN,NH,33010,BOS,IGSA,0,0
SIMPSON COUNTY JAIL,MENDENHALL,MS,39114,NOL,IGSA,0,0
MINN.C.F. RUSH CITY,RUSH CITY,MN,55069,SPM,IGSA,0,0
MINN.C.F. OAK PARK HGTS,STILLWATER,MN,55082,SPM,IGSA,0,0
LINCOLN COUNTY JAIL,NORTH PLATTE,NE,69101,SPM,IGSA,0,0
KITTITAS COUNTY JAIL,ELLENSBURG,WA,98926,SEA,IGSA,0,0
STARK COUNTY JAIL,CANTON,OH,44711,DET,IGSA,0,0
STANTON COUNTY JAIL,JOHNSON,KS,67855,CHI,IGSA,0,0
LAPEER CO.,LAPEER,MI,48446,DET,IGSA,0,0
LAUREL COUNTY SHERIFF'S JAIL,LONDON,KY,40714,CHI,IGSA,0,0
SPOKANE COUNTY,SPOKANE,WA,99260,SEA,IGSA,0,0
MADISON PARISH DET CENTER,TALLULAH,LA,71282,NOL,IGSA,0,0
SAC & FOX NATION JUV DET,STROUD,OK,74079,DAL,IGSA,0,0
LINN CO JAIL,ALBANY,OR,97321,SEA,IGSA,0,0
LUTHERAN IMM & REF SERVICES,BALTIMORE,MD,21230,SNA,IGSA,0,0
LONOKE COUNTY DET. CENTER,LONOKE,AR,72086,NOL,IGSA,0,0
ST. MARTIN PARISH PRISON,BREAUX BRIDGE,LA,70517,NOL,IGSA,0,0
LAS VEGAS CITY JAIL,LAS VEGAS,NV,89101,LOS,IGSA,0,0
LYON COUNTY JAIL,MARSHALL,MN,56258,SPM,IGSA,0,0
PEND ORIELLE CORRECTIONAL FACILITY,NEWPORT,WA,99156,SEA,IGSA,0,0
RUTHERFORD COUNTY JUV DET CENTER,MURFREESBORO,TN,37130,NOL,IGSA,0,0
RUNNELS COUNTY JAIL,BALLINGER,TX,76821,SNA,IGSA,0,0
ROUNDHOUSE PHI,PHILADELPHIA,PA,19106,PHI,IGSA,0,0
POLK COUNTY JAIL,CROOKSTON,MN,56716,SPM,IGSA,0,0
POWER COUNTY JAIL,AMERICAN FALLS,ID,83211,DEN,IGSA,0,0
PT COUPEE PAR DETN CNTS,NEW ROADS,LA,70760,NOL,IGSA,0,0
INS/WACKENHUT CON/FAC,JAMAICA,NY,11413,NYC,IGSA,0,0
RIKERS ISLAND QUEENS,ELMHURST,NY,11370,NEW,IGSA,0,0
RACINE COUNTY JAIL,RACINE,WI,53403,CHI,IGSA,0,0
RAMSEY COUNTY JAIL,ST. PAUL,MN,55102,SPM,IGSA,0,0
ROBERTS CO. JAIL,SISSETON,SD,57262,SPM,IGSA,0,0
STARR COUNTY JAIL,RIO GRANDE CITY,TX,78582,SNA,IGSA,0,0
SEATTLE CONTRACT DET.FAC.,SEATTLE,WA,98134,SEA,IGSA,0,0
HASTINGS DETENTION CENTER,HASTINGS,NE,68901,SPM,IGSA,0,0
NORTH CHICAGO P.D.,NORTH CHICAGO,IL,60064,CHI,IGSA,0,0
SANTA CLARA COUNTY JAIL,SAN JOSE,CA,95110,SFR,IGSA,0,0
SANTA CRUZ CO MAIN JAIL,SANTA CRUZ,CA,95060,SFR,IGSA,0,0
SANDY PINES HOSPITAL,TEQUESTA,FL,33469,MIA,IGSA,0,0
SCOTTS BLUFF CO JAIL,GERING,NE,69341,SPM,IGSA,0,0
OAKLAND CITY JAIL,OAKLAND,CA,94607,SFR,IGSA,0,0
SCHOHARIE COUNTY JAIL,SCHOHARIE,NY,12157,BUF,IGSA,0,0
ONEIDA COUNTY JAIL,MALAD,ID,83252,DEN,IGSA,0,0
ORLEANS PARISH JUVENILE FAC,NEW ORLEANS,LA,70119,NOL,IGSA,0,0
SARASOTA COUNTY JAIL,SARASOTA,FL,34237,MIA,IGSA,0,0
NORTH COUNTY JAIL,OAKLAND,CA,94607,SFR,IGSA,0,0
DALLAS COUNTY SHERIFF'S OFFICE,ADEL,IA,50003,DAL,IGSA,0,0
KINGMAN COUNTY JAIL,KINGMAN,KS,67068,CHI,IGSA,0,0
COCHISE COUNTY CHILD CENT,HUACHUCA CITY,AZ,85616,PHO,IGSA,0,0
COOKE COUNTY JAIL,GAINSVILLE,TX,76240,DAL,IGSA,0,0
CRAWFORD CO,GRAYLING,MI,49738,DET,IGSA,0,0
UNION COUNTY JAIL,ELK POINT,SD,57025,SPM,IGSA,0,0
BRIDGEPORT CORR CENTER,BRIDGEPORT,CT,66040,BOS,IGSA,0,0
NORTHERN CORR INST,SOMERS,CT,60710,BOS,IGSA,0,0
US MARSHAL S,BALTIMORE,MD,21201,BAL,IGSA,0,0
THOMAS HAVINS SA (TH#82),BROWNWOOD,TX,76801,SNA,IGSA,0,0
CLINTON COUNTY JAIL,FRANKFORT,IN,46041,PHI,IGSA,0,0
DAPHNE POLICE DEPT CORR CENTER,DAPHNE,AL,36526,NOL,IGSA,0,0
DAWSON COUNTY JAIL,LEXINGTON,NE,68850,SPM,IGSA,0,0
DENTON COUNTY JAIL,DENTON,TX,76205,DAL,IGSA,0,0
TUSCARAWAS COUNTY JAIL,NPHILADELPHIA,OH,44663,DET,IGSA,0,0
DESCHUTES CO JAIL,BEND,OR,97701,SEA,IGSA,0,0
TRENTON CITY JAIL,TRENTON,MI,48183,DET,IGSA,0,0
ULSTER CO JAIL KINGSTON,KINGSTON,NY,12401,BUF,IGSA,0,0
CTF-SOLEDAD,SOLEDAD,CA,93960,SFR,IGSA,0,0
WASHINGTON CO. JUVENILE C,STILLWATER,MN,55082,SPM,IGSA,0,0
NORTHWEST STATE CORRECTIONAL CTR.,ST ALBANS,VT,54480,BUF,IGSA,0,0
CHITTENDEN REG. COR. FACILITY,BURLINGTON,VT,54030,BUF,IGSA,0,0
CORR. CORP. OF AMERICA,LEAVENWORTH,KS,66045,CHI,IGSA,0,0
VAN BUREN TOWNSHIP PD,BELLEVILLE,MI,48111,DET,IGSA,0,0
CC FAMILY & YOUTH SERVICE,LAS VEGAS,NV,88101,LOS,IGSA,0,0
VENTURA COUNTY JAIL,VENTURA,CA,93009,LOS,IGSA,0,0
VAN BUREN COUNTY JAIL,KALAMAZOO,MI,49079,DET,IGSA,0,0
CHEROKEE COUNTY JAIL,CENTRE,AL,35960,ATL,IGSA,0,0
US MARSHALS SDTX,MCALLEN,TX,78501,SNA,IGSA,0,0
CHOUTEAU COUNTY JAIL,FORT BENTON,MT,59442,DEN,IGSA,0,0
CLAY COUNTY JAIL,LIBERTY,MO,64068,CHI,IGSA,0,0
CLAY COUNTY JAIL,VERMILLION,SD,57069,SPM,IGSA,0,0
CLARKE COUNTY JAIL,VANCOUVER,WA,98666,SEA,IGSA,0,0
CLAY CO. MINNESOTA,MOORHEAD,MN,56560,SPM,IGSA,0,0
GRAYSON COUNTY DET. CENTER,LITCHFIELD,KY,84737,CHI,IGSA,0,0
HANCOCK COUNTY JAIL,BAY ST. LOUIS,MS,39520,NOL,IGSA,0,0
SULPHUR CITY,SULPHUR,LA,70663,NOL,IGSA,0,0
HALL COUNTY SHERIFF,GRAND ISLAND,NE,68801,SPM,IGSA,0,0
STUTSMAN CO. JAIL,JAMESTOWN,ND,58401,SPM,IGSA,0,0
HERKIMER COUNTY JAIL,HERKIMER,NY,13350,BUF,IGSA,0,0
HILLSBOROUGH COUNTY JAIL,MANCHESTER,NH,31030,BOS,IGSA,0,0
STONE COUNTY JAIL,GALENA,MO,65656,CHI,IGSA,0,0
IBERIA PARISH JAIL,NEW IBERIA,LA,70560,NOL,IGSA,0,0
GLENN COUNTY JAIL,WILLOWS,CA,95988,SFR,IGSA,0,0
ISABELLA COUNTY JAIL,MOUNT PLEASANT,MI,48858,DET,IGSA,0,0
ST. FRANCOIS COUNTY JAIL,FARMINGTON,MO,63640,CHI,IGSA,0,0
JEFFERSON COUNTY JAIL,WAURIKA,OK,73573,DAL,IGSA,0,0
SAN DIEGO COUNTY JUV.HALL,SAN DIEGO,CA,92123,SND,IGSA,0,0
JUAB COUNTY JAIL,NEPHI,UT,84648,SFR,IGSA,0,0
KENNESAW CITY JAIL,KENNESAW,GA,30144,ATL,IGSA,0,0
ST X ANNA'S HOPE,ST CROIX,VI,82300,ATL,IGSA,0,0
ZAPATA COUNTY JAIL,ZAPATA,TX,78076,SNA,IGSA,0,0
CATAHOULA CORRECTIONAL CENTER,HARRISONBURG,LA,71430,NOL,IGSA,0,0
EDEN DET CENTER,EDEN,TX,76837,SNA,IGSA,0,0
EASTLAKE JUVENILE HALL,LOS ANGELES,CA,90033,LOS,IGSA,0,0
TILLAMOOK COUNTY JAIL,TILLAMOOK,OR,97141,SEA,IGSA,0,0
TURNER GUIFORD KNIGHT (TGK) JAIL,MIAMI,FL,33166,MIA,IGSA,0,0
FAULKNER COUNTY JAIL,CONWAY,AR,72034,NOL,IGSA,0,0
FORKS CITY JAIL,FORKS,WA,98331,SEA,IGSA,0,0
FRANKLIN CO. REGION JAIL,FRANKFORT,KY,40356,CHI,IGSA,0,0
FREMONT COUNTY JAIL,LANDER,WY,82520,DEN,IGSA,0,0
TARRANT COUNTY JAIL,FT. WORTH,TX,76196,DAL,IGSA,0,0
TANGIPAHOA PARISH JAIL,AMITE,LA,70422,NOL,IGSA,0,0
FT LAUDERDALE CITY JAIL,FT.LAUDERDALE,FL,33312,MIA,IGSA,0,0
GA BAPTIST CHILDREN HOME,MEANSVILLE,GA,30258,ATL,IGSA,0,0
SOUTHWEST KEY (JUVENILE),DOVER,DE,19904,BAL,IGSA,0,0
TEHAMA COUNTY JAIL,RED BLUFF,CA,96080,SFR,IGSA,0,0
FOREST CITY FED.CORR.INST,FOREST CITY,AR,72338,NOL,BOP,0,0
FORT WORTH FED.MED.CENTER,FT. WORTH,TX,76619,DAL,BOP,0,0
GREENVILLE FCI,GREENVILLE,IL,62246,CHI,BOP,0,0
TUCSON FED.CORR.INST.,TUCSON,AZ,85706,PHO,BOP,0,0
TALLADEGA FCI,TALLADEGA,AL,35160,ATL,BOP,0,0
TEXARKANA FED.CORR.INST.,TEXARKANA,TX,75505,DAL,BOP,0,0
LEWISBURG U.S. PEN.,LEWISBURG,PA,17837,PHI,BOP,0,0
ELKTON FED.CORR.INST.,ELKTON,OH,44415,DET,BOP,0,0
MCRAE CORRECTIONAL FACILITY CCA,MCRAE,GA,31055,ATL,BOP,0,0
ESTILL FED.CORR.INST.,ESTILL,SC,29918,ATL,BOP,0,0
SEAGOVILLE FED.CORR.INST.,SEAGOVILLE,TX,75159,DAL,BOP,0,0
PETERSBURG FED.CORR.INST.,PETERSBURG,VA,23804,WAS,BOP,0,0
EDGEFIELD FED.CORR.INST.,EDGEFIELD,SC,29824,ATL,BOP,0,0
SAFFORD FED.CORR.INST.,SAFFORD,AZ,85548,PHO,BOP,0,0
FLORENCE ADMAX US PEN.,FLORENCE,CO,81226,DEN,BOP,0,0
SCHUYLKILL FED.CORR.INST.,MINERSVILLE,PA,17954,PHI,BOP,0,0
SAN DIEGO MCC,SAN DIEGO,CA,92101,WAS,BOP,0,0
PHOENIX FED.CORR.INST.,PHOENIX,AZ,85027,PHO,BOP,0,0
MIAMI FED DET.CENTER,MIAMI,FL,33132,MIA,BOP,0,0
OXFORD FED.CORR.INST.,OXFORD,WI,53952,CHI,BOP,0,0
ATLANTA U.S. PEN.,ATLANTA,GA,30315,ATL,BOP,0,0
U.S.P. ATWATER,ATWATER,CA,95301,SFR,BOP,0,0
MARIANNA FED.CORR.INST.,MARIANNA,FL,32446,MIA,BOP,0,0
ASHLAND DEF.CORR.INST.,ASHLAND,KY,41105,CHI,BOP,0,0
CHICAGO MCC,CHICAGO,IL,60605,SPM,BOP,0,0
PEKIN FED.CORR.INST.,PEKIN,IL,61554,CHI,BOP,0,0
MILAN FED.CORR.INST.,MILAN,MI,48160,DET,BOP,0,0
LEXINGTON FED.MED CENTER,LEXINGTON,KY,40511,NOL,BOP,0,0
YAZOO CITY FCI,YAZOO CITY,MS,39194,NOL,BOP,0,0
OKLAHOMA FED.TRANSFER CTR,OKLAHOMA CITY,OK,73109,DAL,BOP,0,0
LOMPOC FCI,LOMPOC,CA,93436,LOS,BOP,0,0
LOMPOC USP,LOMPOC,CA,93436,LOS,BOP,0,0
MANCHESTER FED CORR INSTR,MANCHESTER,KY,40962,CHI,BOP,0,0
MCKEAN FED.CORR.INST.,BRADFORD,PA,16701,PHI,BOP,0,0
WASECA FED.CORR.INST.,WASECA,MN,56093,SPM,BOP,0,0
LORETTO FED.CORR.INST.,LORETTO,PA,15940,PHI,BOP,0,0
AGANA INS,HAGATNA,GU,96910,SFR,HOLD,0,0
RIVERSIDE CUSTODY CASE,RIVERSIDE,CA,92705,LOS,HOLD,0,0
BEAUMONT FED.CORR.CTR,BEAUMONT,TX,77720,HOU,BOP,0,0